Gender,Religious ,Influence,Age:,Rogue One: A Star Wars Story, Finding Dory,Captain America: Civil War,The Secret Life of Pets,The Jungle Book ,Deadpool,Zootopia,Batman v Superman: Dawn of Justice,Sucide Squad,Moana,Fantastic Beast and Where to Find Them,Doctor Strange,Hidden Figures,Jason Bourne,Star Trek Beyond,X-Men: Apocalypse,Trolls,La La Land,Kung Fu Panda 3,Fight Club,Hacksaw Ridge,Slumdog Millionaire,The Magnificent Seven,Avatar,Gender equality boosts economic growth,"To achieve gender equality, changes are required for both men and women",Women with full-time jobs earn less than their male counterparts,Women empowerment comes at the expense of men,Women are promoted at work less often than men,"There should be an equal number of men and women who are leaders in work, politics, and community",Most developed countries have attained gender equality,"Women inherently lack the ambition, confidence, and core competencies necessary for leadership success",Biological differences in men and women account for the lack of women in STEM fields,Crying is associated with femininity and weakness,Women would rather stay home with their children than be in the workplace
Female,Not Religious,Slightly,30,Liked it,Liked it,Liked it,Liked it,Liked it,Liked it,Didn't like it,Didn't like it,Didn't like it,Liked it,Liked it,Liked it,Liked it,Didn't like it,Liked it,Liked it,Liked it,Didn't like it,Liked it,,,,,,,,,,,,,,,,
Female,Christian: Protestant or Other,Slightly,30,Liked it,Liked it,Liked it,Liked it,Liked it,Liked it,Liked it,Liked it,Liked it,Liked it,Liked it,Liked it,Liked it,Liked it,Liked it,Liked it,Liked it,Liked it,Liked it,,,,,,Strongly agree,Strongly agree,Strongly agree,Strongly agree,Strongly agree,Strongly agree,Strongly agree,Strongly agree,Strongly agree,Strongly agree,Strongly agree
Female,Agnostic,Slightly,44,Liked it,Never saw it,Never saw it,Didn't like it,Never saw it,Never saw it,Liked it,Never saw it,Never saw it,Liked it,Never saw it,Never saw it,Never saw it,Never saw it,Liked it,Never saw it,Liked it,Never saw it,Never saw it,Didn't like it,Never saw it,Liked it,Never saw it,Never saw it,No opinion,Strongly agree,Strongly agree,Somewhat disagree,Somewhat agree,Strongly agree,Strongly disagree,Strongly disagree,Strongly disagree,No opinion,No opinion
Female,Christian: Catholic or Orthodox,Moderately,24,Didn't like it,Liked it,Didn't like it,Liked it,Didn't like it,Liked it,Liked it,Liked it,Never saw it,Liked it,Liked it,Liked it,Never saw it,Never saw it,Never saw it,Never saw it,Didn't like it,Didn't like it,Liked it,Never saw it,Never saw it,Never saw it,Liked it,Didn't like it,Somewhat agree,Somewhat agree,Strongly disagree,Strongly disagree,Somewhat disagree,No opinion,Strongly agree,Strongly disagree,Strongly disagree,Somewhat disagree,Somewhat disagree
Female,Christian: Protestant or Other,Slightly,35,Liked it,Liked it,Liked it,Didn't like it,Liked it,Liked it,Didn't like it,Didn't like it,Didn't like it,Liked it,Liked it,Liked it,Liked it,Didn't like it,Liked it,Liked it,Liked it,Didn't like it,Liked it,Didn't like it,Didn't like it,Liked it,Didn't like it,Liked it,Strongly agree,Strongly agree,Strongly agree,Somewhat disagree,Strongly agree,Strongly agree,Strongly disagree,Somewhat disagree,Somewhat agree,Strongly agree,Somewhat agree
Male,Muslim/Islamic,Moderately,35,Didn't like it,Never saw it,Didn't like it,Never saw it,Never saw it,Liked it,Didn't like it,Liked it,Liked it,Didn't like it,Liked it,Never saw it,Liked it,Liked it,Didn't like it,Never saw it,Didn't like it,Never saw it,Liked it,Liked it,Didn't like it,Never saw it,Never saw it,Liked it,Somewhat agree,Strongly agree,Somewhat agree,Somewhat agree,Somewhat agree,Somewhat agree,Somewhat agree,Somewhat disagree,Somewhat agree,Somewhat agree,Somewhat disagree
Male,Hindu,Moderately,29,Liked it,Never saw it,Liked it,Never saw it,Liked it,Didn't like it,Never saw it,Liked it,Never saw it,Never saw it,Never saw it,Liked it,Never saw it,Liked it,Liked it,Liked it,Never saw it,Never saw it,Liked it,Liked it,Liked it,Liked it,Liked it,Liked it,Strongly agree,Strongly agree,No opinion,Strongly agree,No opinion,Somewhat disagree,Strongly agree,Strongly disagree,No opinion,Strongly disagree,Strongly disagree
Female,Not Religious,Not at all,30,Liked it,Liked it,Never saw it,Liked it,Liked it,Liked it,Liked it,Never saw it,Never saw it,Liked it,Liked it,Never saw it,Never saw it,Never saw it,Liked it,Never saw it,Never saw it,Liked it,Never saw it,Never saw it,Never saw it,Liked it,Never saw it,Never saw it,Strongly agree,Strongly agree,Strongly agree,Strongly disagree,Somewhat agree,No opinion,Strongly disagree,Strongly disagree,Strongly disagree,Strongly agree,Strongly disagree
Female,Christian: Protestant or Other,Slightly,34,Never saw it,Liked it,Liked it,Liked it,Liked it,Liked it,Didn't like it,Never saw it,Didn't like it,Liked it,Liked it,Liked it,Liked it,Liked it,Never saw it,Liked it,Never saw it,Liked it,Never saw it,Liked it,Never saw it,Liked it,Never saw it,Liked it,Strongly agree,Strongly agree,Strongly agree,Strongly disagree,Somewhat agree,Somewhat agree,Somewhat disagree,Strongly disagree,Somewhat disagree,Somewhat agree,Strongly disagree
Female,Christian: Catholic or Orthodox,Slightly,29,Liked it,Liked it,Never saw it,Never saw it,Never saw it,Liked it,Liked it,Never saw it,Never saw it,Liked it,Didn't like it,Never saw it,Liked it,Never saw it,Never saw it,Never saw it,Never saw it,Didn't like it,Never saw it,Never saw it,Never saw it,Liked it,Never saw it,Liked it,Somewhat agree,Strongly agree,Somewhat agree,Strongly disagree,Somewhat agree,Somewhat agree,Somewhat disagree,Strongly disagree,Strongly disagree,Strongly disagree,Strongly disagree
Male,Christian: Protestant or Other,Moderately,63,Liked it,Liked it,Liked it,Never saw it,Liked it,Never saw it,Never saw it,Never saw it,Never saw it,Never saw it,Never saw it,Never saw it,Liked it,Liked it,Liked it,Liked it,Never saw it,Never saw it,Never saw it,Never saw it,Liked it,Never saw it,Liked it,Liked it,No opinion,Somewhat agree,No opinion,Strongly agree,No opinion,No opinion,No opinion,No opinion,Somewhat agree,No opinion,No opinion
Male,Jewish,Not at all,35,Liked it,Liked it,Liked it,Liked it,Never saw it,Liked it,Didn't like it,Didn't like it,Didn't like it,Liked it,Liked it,Liked it,Never saw it,Liked it,Liked it,Didn't like it,Never saw it,Liked it,Never saw it,Liked it,Never saw it,Liked it,Never saw it,Liked it,Somewhat agree,Strongly agree,Strongly agree,Somewhat disagree,Strongly agree,Strongly agree,Strongly disagree,Strongly disagree,Strongly disagree,Somewhat agree,Strongly disagree
Male,Christian: Catholic or Orthodox,Moderately,38,Liked it,Never saw it,Liked it,Never saw it,Never saw it,Never saw it,Liked it,Liked it,Liked it,Liked it,Liked it,Liked it,Liked it,Never saw it,Never saw it,Liked it,Never saw it,Liked it,Never saw it,Liked it,Liked it,Liked it,Never saw it,Liked it,Strongly agree,Strongly agree,Strongly agree,Strongly disagree,Strongly agree,Strongly agree,Somewhat disagree,Strongly disagree,Strongly disagree,Strongly disagree,Strongly disagree
Female,Not Religious,Not at all,35,Liked it,Liked it,Liked it,Liked it,Didn't like it,Liked it,Liked it,Never saw it,Never saw it,Didn't like it,Liked it,Didn't like it,Didn't like it,Didn't like it,Didn't like it,Didn't like it,Didn't like it,Didn't like it,Never saw it,Liked it,Never saw it,Liked it,Never saw it,Didn't like it,No opinion,Somewhat agree,Somewhat agree,Somewhat disagree,Somewhat agree,Somewhat disagree,Strongly disagree,Strongly disagree,Strongly disagree,Somewhat agree,Somewhat disagree
Female,Christian: Protestant or Other,Strongly,34,Never saw it,Liked it,Never saw it,Never saw it,Never saw it,Never saw it,Didn't like it,Never saw it,Never saw it,Liked it,Never saw it,Liked it,Liked it,Never saw it,Never saw it,Never saw it,Never saw it,Never saw it,Never saw it,Didn't like it,Never saw it,Never saw it,Never saw it,Never saw it,Somewhat agree,Strongly agree,Strongly agree,Strongly disagree,Somewhat agree,Strongly agree,Strongly disagree,Strongly disagree,Strongly disagree,Somewhat disagree,No opinion
Male,Christian: Protestant or Other,Moderately,31,Liked it,Liked it,Liked it,Didn't like it,Liked it,Liked it,Didn't like it,Didn't like it,Didn't like it,Liked it,Liked it,Liked it,Never saw it,Liked it,Liked it,Liked it,Liked it,Liked it,Liked it,Liked it,Liked it,Liked it,Liked it,Liked it,Somewhat agree,Somewhat disagree,Somewhat disagree,Strongly disagree,Somewhat disagree,Strongly disagree,Somewhat agree,Somewhat disagree,Somewhat agree,Somewhat agree,Somewhat agree
Male,Christian: Protestant or Other,Strongly,38,Liked it,Never saw it,Liked it,Didn't like it,Never saw it,Liked it,Liked it,Never saw it,Never saw it,Never saw it,Never saw it,Liked it,Never saw it,Liked it,Liked it,Liked it,Liked it,Never saw it,Never saw it,Liked it,Liked it,Liked it,Liked it,Never saw it,No opinion,No opinion,Somewhat disagree,Somewhat agree,No opinion,Somewhat disagree,Strongly agree,Somewhat disagree,No opinion,No opinion,No opinion
Female,Christian: Protestant or Other,Moderately,32,Didn't like it,Liked it,Never saw it,Never saw it,Liked it,Liked it,Never saw it,Didn't like it,Never saw it,Never saw it,Never saw it,Liked it,Liked it,Liked it,Never saw it,Liked it,Never saw it,Never saw it,Liked it,Liked it,Liked it,Liked it,Never saw it,Liked it,Somewhat agree,Strongly agree,Strongly agree,Somewhat agree,Strongly agree,Somewhat agree,Somewhat agree,Somewhat agree,Strongly agree,Somewhat agree,Strongly agree
Female,Christian: Catholic or Orthodox,Strongly,37,Liked it,Liked it,Liked it,Didn't like it,Liked it,Never saw it,Liked it,Liked it,Didn't like it,Liked it,Liked it,Liked it,Liked it,Liked it,Never saw it,Liked it,Liked it,Never saw it,Liked it,Never saw it,Never saw it,Never saw it,Never saw it,Liked it,Somewhat agree,Strongly agree,Strongly agree,Strongly disagree,Strongly agree,Strongly agree,Somewhat agree,Strongly disagree,Strongly disagree,Somewhat disagree,No opinion
Female,Not Religious,Slightly,33,Liked it,Liked it,Liked it,Never saw it,Didn't like it,Liked it,Never saw it,Liked it,Never saw it,Liked it,Never saw it,Never saw it,Liked it,Liked it,Never saw it,Liked it,Never saw it,Never saw it,Liked it,Liked it,Never saw it,Liked it,Never saw it,Liked it,Somewhat agree,Strongly agree,Somewhat disagree,Somewhat agree,Somewhat disagree,Somewhat agree,Somewhat disagree,Strongly disagree,Strongly disagree,Strongly disagree,Strongly disagree
Male,Christian: Protestant or Other,Strongly,38,Didn't like it,Liked it,Liked it,Liked it,Liked it,Didn't like it,Liked it,Didn't like it,Didn't like it,Liked it,Didn't like it,Liked it,Liked it,Liked it,Liked it,Didn't like it,Liked it,Didn't like it,Didn't like it,Didn't like it,Liked it,Liked it,Never saw it,Didn't like it,No opinion,Somewhat agree,No opinion,Somewhat agree,No opinion,No opinion,Somewhat disagree,No opinion,No opinion,No opinion,No opinion
Female,"Eclectic, mystical atheist",Slightly,47,Never saw it,Liked it,Never saw it,Never saw it,Never saw it,Never saw it,Never saw it,Never saw it,Never saw it,Never saw it,Never saw it,Never saw it,Never saw it,Never saw it,Never saw it,Never saw it,Never saw it,Never saw it,Never saw it,Never saw it,Never saw it,Never saw it,Never saw it,Never saw it,Strongly agree,Strongly agree,Strongly agree,Strongly disagree,Strongly disagree,Somewhat agree,Somewhat agree,Strongly disagree,Strongly disagree,No opinion,Somewhat disagree
Male,Not Religious,Not at all,29,Liked it,Liked it,Liked it,Didn't like it,Didn't like it,Liked it,Liked it,Liked it,Didn't like it,Liked it,Never saw it,Liked it,Never saw it,Never saw it,Liked it,Didn't like it,Never saw it,Never saw it,Never saw it,Liked it,Never saw it,Liked it,Never saw it,Liked it,Strongly agree,Strongly agree,Somewhat disagree,Strongly disagree,Strongly disagree,Strongly agree,Somewhat disagree,Strongly disagree,Strongly disagree,Somewhat agree,Somewhat agree
Female,Christian: Protestant or Other,Slightly,31,Liked it,Liked it,Liked it,Liked it,Didn't like it,Liked it,Liked it,Never saw it,Never saw it,Liked it,Didn't like it,Liked it,Liked it,Never saw it,Liked it,Didn't like it,Liked it,Didn't like it,Liked it,Didn't like it,Didn't like it,Never saw it,Never saw it,Didn't like it,Somewhat agree,No opinion,Somewhat agree,Strongly disagree,No opinion,No opinion,Somewhat disagree,Strongly disagree,Strongly disagree,No opinion,Somewhat disagree
Female,Not Religious,Not at all,25,Never saw it,Never saw it,Never saw it,Never saw it,Never saw it,Never saw it,Liked it,Never saw it,Never saw it,Liked it,Never saw it,Didn't like it,Never saw it,Never saw it,Never saw it,Never saw it,Never saw it,Never saw it,Never saw it,Never saw it,Never saw it,Never saw it,Never saw it,Never saw it,No opinion,Strongly agree,Strongly agree,Strongly disagree,Somewhat agree,Strongly agree,No opinion,Strongly disagree,Strongly disagree,Strongly disagree,Strongly disagree
Female,Christian: Catholic or Orthodox,Slightly,22,Never saw it,Never saw it,Never saw it,Never saw it,Never saw it,Liked it,Never saw it,Never saw it,Liked it,Never saw it,Never saw it,Never saw it,Never saw it,Never saw it,Liked it,Never saw it,Never saw it,Never saw it,Never saw it,Never saw it,Never saw it,Never saw it,Never saw it,Never saw it,No opinion,No opinion,No opinion,No opinion,No opinion,No opinion,No opinion,No opinion,No opinion,No opinion,No opinion
Male,Not Religious,Not at all,43,Never saw it,Liked it,Liked it,Didn't like it,Liked it,Liked it,Never saw it,Didn't like it,Didn't like it,Didn't like it,Never saw it,Liked it,Never saw it,Liked it,Liked it,Didn't like it,Never saw it,Liked it,Liked it,Liked it,Never saw it,Didn't like it,Liked it,Liked it,No opinion,Strongly agree,No opinion,Somewhat disagree,Somewhat agree,Somewhat disagree,Strongly disagree,Strongly disagree,Somewhat disagree,Somewhat disagree,No opinion
Female,Not Religious,Not at all,40,Liked it,Never saw it,Never saw it,Never saw it,Didn't like it,Never saw it,Never saw it,Never saw it,Never saw it,Never saw it,Never saw it,Liked it,Liked it,Liked it,Liked it,Never saw it,Never saw it,Never saw it,Never saw it,Liked it,Never saw it,Never saw it,Liked it,Didn't like it,Strongly agree,Strongly agree,Strongly agree,Strongly disagree,Strongly agree,Strongly agree,Strongly disagree,Strongly disagree,Strongly disagree,No opinion,No opinion
Male,Not Religious,Not at all,40,Never saw it,Liked it,Never saw it,Liked it,Never saw it,Never saw it,Never saw it,Never saw it,Never saw it,Liked it,Never saw it,Never saw it,Never saw it,Liked it,Never saw it,Never saw it,Never saw it,Never saw it,Never saw it,Liked it,Liked it,Liked it,Never saw it,Never saw it,Strongly agree,Strongly agree,Somewhat agree,No opinion,Somewhat agree,Strongly agree,No opinion,Strongly disagree,Strongly disagree,Strongly disagree,Strongly disagree
Female,Christian: Protestant or Other,Strongly,29,Never saw it,Liked it,Never saw it,Never saw it,Liked it,Never saw it,Never saw it,Never saw it,Never saw it,Never saw it,Never saw it,Never saw it,Never saw it,Never saw it,Never saw it,Never saw it,Never saw it,Never saw it,Liked it,Never saw it,Never saw it,Didn't like it,Never saw it,Liked it,Strongly agree,Strongly agree,Somewhat agree,Somewhat agree,Somewhat agree,Strongly agree,No opinion,No opinion,Somewhat agree,No opinion,No opinion
Male,Christian: Protestant or Other,Slightly,35,Liked it,Never saw it,Never saw it,Never saw it,Never saw it,Liked it,Never saw it,Liked it,Liked it,Never saw it,Never saw it,Never saw it,Never saw it,Liked it,Never saw it,Never saw it,Liked it,Never saw it,Never saw it,Liked it,Never saw it,Liked it,Liked it,Liked it,No opinion,Somewhat agree,Somewhat agree,Strongly disagree,No opinion,No opinion,No opinion,No opinion,No opinion,No opinion,No opinion
Female,Jewish,Slightly,,Never saw it,Never saw it,Never saw it,Never saw it,Never saw it,Never saw it,Never saw it,Never saw it,Never saw it,Liked it,Never saw it,Never saw it,Liked it,Never saw it,Never saw it,Never saw it,Never saw it,Liked it,Never saw it,Liked it,Never saw it,Liked it,Liked it,Didn't like it,Somewhat agree,Strongly agree,Strongly agree,Somewhat disagree,Somewhat agree,Strongly agree,Strongly disagree,Strongly disagree,Somewhat disagree,No opinion,Somewhat disagree
Male,Not Religious,Not at all,32,Never saw it,Never saw it,Never saw it,Never saw it,Liked it,Never saw it,Never saw it,Never saw it,Never saw it,Liked it,Never saw it,Never saw it,Liked it,Never saw it,Never saw it,Never saw it,Never saw it,Never saw it,Never saw it,Liked it,Liked it,Liked it,Never saw it,Never saw it,Somewhat agree,Somewhat agree,Somewhat agree,No opinion,Somewhat disagree,Somewhat agree,Strongly disagree,Somewhat disagree,Somewhat disagree,Somewhat disagree,Somewhat agree
Female,Christian: Catholic or Orthodox,Strongly,45,Never saw it,Liked it,Liked it,Didn't like it,Liked it,Never saw it,Liked it,Never saw it,Never saw it,Liked it,Never saw it,Liked it,Liked it,Liked it,Liked it,Never saw it,Liked it,Liked it,Never saw it,Liked it,Never saw it,Never saw it,Liked it,Never saw it,Strongly agree,Strongly agree,Somewhat disagree,Somewhat disagree,Somewhat agree,Somewhat disagree,Somewhat disagree,Strongly disagree,Strongly disagree,No opinion,No opinion
Male,Christian: Catholic or Orthodox,Slightly,38,Liked it,Liked it,Liked it,Didn't like it,Didn't like it,Liked it,Liked it,Didn't like it,Didn't like it,Liked it,Liked it,Liked it,Liked it,Liked it,Liked it,Didn't like it,Liked it,Liked it,Liked it,Liked it,Never saw it,Liked it,Liked it,Liked it,Strongly agree,Somewhat agree,Somewhat agree,Strongly disagree,No opinion,Somewhat agree,Somewhat disagree,Strongly disagree,Somewhat disagree,Somewhat agree,Somewhat disagree
Male,Christian: Protestant or Other,Strongly,43,Liked it,Liked it,Never saw it,Never saw it,Liked it,Liked it,Liked it,Never saw it,Never saw it,Liked it,Never saw it,Never saw it,Never saw it,Liked it,Never saw it,Liked it,Never saw it,Never saw it,Never saw it,Liked it,Never saw it,Never saw it,Liked it,Never saw it,No opinion,Somewhat agree,Somewhat agree,Somewhat disagree,Somewhat disagree,Somewhat disagree,Somewhat disagree,Somewhat disagree,Somewhat disagree,Somewhat disagree,Somewhat disagree
Female,Not Religious,Strongly,54,Never saw it,Never saw it,Never saw it,Never saw it,Didn't like it,Never saw it,Never saw it,Never saw it,Never saw it,Never saw it,Never saw it,Never saw it,Liked it,Liked it,Never saw it,Never saw it,Never saw it,Never saw it,Never saw it,Never saw it,Never saw it,Liked it,Didn't like it,Didn't like it,Strongly agree,Strongly agree,Strongly agree,Strongly disagree,Strongly agree,Strongly agree,Strongly disagree,Strongly disagree,Strongly disagree,Strongly agree,Strongly disagree
Male,Jewish,Slightly,38,Liked it,Liked it,Liked it,Never saw it,Never saw it,Didn't like it,Never saw it,Didn't like it,Never saw it,Liked it,Didn't like it,Liked it,Never saw it,Never saw it,Didn't like it,Didn't like it,Never saw it,Liked it,Never saw it,Liked it,Never saw it,Liked it,Liked it,Didn't like it,Strongly agree,Strongly disagree,Strongly agree,No opinion,Strongly agree,Strongly agree,Strongly disagree,Strongly disagree,Strongly disagree,Somewhat disagree,Strongly disagree
Male,Jewish,Slightly,43,Liked it,Never saw it,Liked it,Liked it,Never saw it,Never saw it,Never saw it,Didn't like it,Didn't like it,Liked it,Never saw it,Liked it,Never saw it,Liked it,Never saw it,Didn't like it,Didn't like it,Liked it,Liked it,Liked it,Liked it,Liked it,Liked it,Liked it,Somewhat agree,Strongly agree,Somewhat agree,Strongly disagree,Somewhat disagree,Somewhat disagree,Somewhat disagree,Strongly disagree,Strongly disagree,No opinion,No opinion
Female,Not Religious,Not at all,43,Never saw it,Never saw it,Never saw it,Never saw it,Never saw it,Never saw it,Never saw it,Never saw it,Never saw it,Never saw it,Never saw it,Never saw it,Never saw it,Liked it,Never saw it,Liked it,Never saw it,Liked it,Never saw it,Never saw it,Never saw it,Didn't like it,Never saw it,Didn't like it,Strongly agree,Strongly agree,Somewhat agree,Strongly disagree,Somewhat disagree,Strongly agree,Somewhat disagree,Strongly disagree,Strongly disagree,Strongly agree,Strongly disagree
Male,Jewish,Slightly,,Liked it,Liked it,Never saw it,Liked it,Liked it,Liked it,Liked it,Never saw it,Never saw it,Liked it,Never saw it,Never saw it,Liked it,Never saw it,Never saw it,Never saw it,Never saw it,Liked it,Never saw it,Liked it,Never saw it,Liked it,Never saw it,Liked it,Strongly agree,Strongly agree,Strongly agree,Strongly disagree,Somewhat agree,Strongly agree,Somewhat disagree,Strongly disagree,Strongly disagree,Somewhat disagree,Strongly disagree
Female,Not Religious,Not at all,11,Liked it,Liked it,Liked it,Liked it,Liked it,Liked it,Liked it,Never saw it,Never saw it,Liked it,Liked it,Liked it,Didn't like it,Never saw it,Never saw it,Liked it,Liked it,Never saw it,Liked it,Never saw it,Never saw it,Never saw it,Never saw it,Liked it,Strongly agree,Strongly agree,Strongly disagree,Strongly disagree,No opinion,Strongly agree,Somewhat disagree,Strongly disagree,Strongly disagree,Strongly disagree,Somewhat disagree
Female,Christian: Protestant or Other,Strongly,40,Liked it,Liked it,Never saw it,Never saw it,Liked it,Never saw it,Never saw it,Never saw it,Never saw it,Liked it,Liked it,Liked it,Liked it,Liked it,Liked it,Liked it,Liked it,Didn't like it,Never saw it,Liked it,Never saw it,Never saw it,Never saw it,Liked it,Strongly agree,Strongly agree,Strongly agree,Somewhat agree,Strongly agree,Somewhat agree,Somewhat agree,Somewhat agree,Somewhat agree,Somewhat agree,Somewhat agree
Female,Christian: Protestant or Other,Strongly,34,Never saw it,Never saw it,Never saw it,Liked it,Liked it,Never saw it,Never saw it,Never saw it,Never saw it,Never saw it,Never saw it,Never saw it,Liked it,Liked it,Never saw it,Liked it,Never saw it,Never saw it,Never saw it,Liked it,Liked it,Liked it,Liked it,Didn't like it,Somewhat agree,Somewhat disagree,Somewhat agree,Strongly agree,Somewhat agree,Somewhat disagree,Somewhat agree,Strongly disagree,Somewhat agree,Somewhat agree,Somewhat agree
Female,Not Religious,Not at all,13,Liked it,Liked it,Liked it,Liked it,Liked it,Liked it,Liked it,Never saw it,Never saw it,Liked it,Liked it,Liked it,Didn't like it,Never saw it,Never saw it,Liked it,Liked it,Never saw it,Liked it,Never saw it,Never saw it,Never saw it,Never saw it,Liked it,No opinion,Somewhat agree,Strongly agree,Somewhat agree,Somewhat agree,Strongly agree,Somewhat disagree,Strongly disagree,Strongly disagree,Somewhat disagree,Somewhat agree
Female,Buddhist/Confucian/Shinto,Slightly,28,Liked it,Liked it,Didn't like it,Never saw it,Didn't like it,Liked it,Liked it,Didn't like it,Liked it,Liked it,Liked it,Liked it,Never saw it,Never saw it,Never saw it,Never saw it,Liked it,Never saw it,Never saw it,Never saw it,Never saw it,Liked it,Never saw it,Never saw it,Strongly agree,Strongly agree,Somewhat agree,Strongly disagree,Somewhat agree,No opinion,Somewhat disagree,Strongly disagree,Strongly disagree,Somewhat agree,Strongly disagree
Female,Not Religious,Not at all,50,Never saw it,Liked it,Never saw it,Liked it,Liked it,Liked it,Liked it,Never saw it,Liked it,Liked it,Liked it,Liked it,Liked it,Liked it,Never saw it,Never saw it,Never saw it,Didn't like it,Liked it,Liked it,Never saw it,Liked it,Liked it,Liked it,Somewhat agree,Strongly agree,Somewhat agree,Somewhat disagree,Strongly agree,Strongly agree,Strongly agree,Strongly disagree,Strongly disagree,Strongly agree,No opinion
Male,Christian: Protestant or Other,Strongly,44,Liked it,Liked it,Liked it,Liked it,Liked it,Liked it,Liked it,Liked it,Never saw it,Liked it,Never saw it,Liked it,Never saw it,Liked it,Liked it,Liked it,Liked it,Never saw it,Liked it,Never saw it,Never saw it,Never saw it,Liked it,Liked it,No opinion,Strongly agree,Strongly agree,Somewhat disagree,Strongly agree,Strongly disagree,No opinion,Strongly disagree,Somewhat disagree,Strongly disagree,Strongly disagree
Female,Christian: Catholic or Orthodox,Moderately,61,Didn't like it,Liked it,Liked it,Never saw it,Liked it,Never saw it,Never saw it,Liked it,Never saw it,Liked it,Liked it,Never saw it,Never saw it,Never saw it,Never saw it,Liked it,Never saw it,Didn't like it,Liked it,Liked it,Never saw it,Liked it,Liked it,Liked it,No opinion,Strongly agree,Somewhat agree,Somewhat disagree,Somewhat agree,Strongly agree,Somewhat agree,Somewhat disagree,Somewhat disagree,Strongly disagree,Strongly disagree
Male,Christian: Catholic or Orthodox,Moderately,46,Liked it,Never saw it,Liked it,Never saw it,Never saw it,Liked it,Liked it,Didn't like it,Didn't like it,Never saw it,Never saw it,Didn't like it,Never saw it,Liked it,Liked it,Liked it,Never saw it,Never saw it,Never saw it,Never saw it,Never saw it,Never saw it,Never saw it,Never saw it,No opinion,Somewhat agree,Somewhat agree,No opinion,No opinion,Somewhat disagree,Somewhat agree,Somewhat disagree,Somewhat agree,Strongly disagree,No opinion
Female,Christian: Protestant or Other,Slightly,57,Never saw it,Liked it,Never saw it,Liked it,Liked it,Liked it,Liked it,Never saw it,Liked it,Liked it,Never saw it,Never saw it,Liked it,Liked it,Liked it,Liked it,Never saw it,Never saw it,Didn't like it,Liked it,Never saw it,Liked it,Liked it,Liked it,Somewhat agree,Somewhat agree,Somewhat agree,Somewhat disagree,No opinion,Somewhat disagree,Somewhat disagree,Strongly disagree,Strongly disagree,Strongly disagree,Strongly disagree
Male,Not Religious,Not at all,31,Liked it,Liked it,Liked it,Liked it,Never saw it,Liked it,Didn't like it,Liked it,Never saw it,Liked it,Liked it,Never saw it,Never saw it,Liked it,Never saw it,Liked it,Didn't like it,Liked it,Never saw it,Liked it,Never saw it,Never saw it,Never saw it,Liked it,No opinion,Somewhat agree,Somewhat disagree,Strongly disagree,No opinion,Somewhat agree,No opinion,Strongly disagree,Somewhat disagree,Somewhat agree,No opinion
Male,Not Religious,Not at all,43,Liked it,Liked it,Liked it,Liked it,Liked it,Liked it,Liked it,Liked it,Liked it,Liked it,Liked it,Liked it,Liked it,Liked it,Liked it,Liked it,Didn't like it,Liked it,Liked it,Liked it,Liked it,Liked it,Liked it,Liked it,Somewhat agree,Strongly agree,Somewhat agree,Strongly disagree,No opinion,Strongly agree,Somewhat disagree,Strongly agree,Strongly disagree,Somewhat disagree,No opinion
Male,Not Religious,Not at all,50,Never saw it,Liked it,Liked it,Never saw it,Liked it,Liked it,Never saw it,Liked it,Never saw it,Never saw it,Never saw it,Liked it,Never saw it,Liked it,Never saw it,Liked it,Never saw it,Never saw it,Never saw it,Never saw it,Liked it,Liked it,Liked it,Never saw it,Somewhat agree,Strongly agree,Somewhat agree,Somewhat disagree,Somewhat agree,Strongly agree,Somewhat disagree,Strongly disagree,Strongly disagree,Strongly agree,Somewhat disagree
Male,Christian: Protestant or Other,Strongly,40,Liked it,Never saw it,Never saw it,Never saw it,Never saw it,Liked it,Never saw it,Didn't like it,Never saw it,Liked it,Never saw it,Never saw it,Never saw it,Never saw it,Liked it,Liked it,Liked it,Liked it,Liked it,Liked it,Never saw it,Liked it,Never saw it,Didn't like it,Strongly agree,Strongly agree,Strongly agree,Strongly disagree,Strongly agree,Somewhat agree,Somewhat disagree,Strongly disagree,Strongly disagree,Somewhat disagree,Strongly disagree
Male,Not Religious,Not at all,39,Liked it,Liked it,Liked it,Didn't like it,Never saw it,Liked it,Didn't like it,Didn't like it,Never saw it,Liked it,Never saw it,Liked it,Never saw it,Didn't like it,Never saw it,Never saw it,Liked it,Liked it,Liked it,Liked it,Never saw it,Didn't like it,Never saw it,Liked it,Strongly agree,Somewhat disagree,Strongly agree,Strongly disagree,Strongly agree,Strongly agree,Strongly disagree,Strongly disagree,Strongly disagree,Strongly disagree,Strongly disagree
Female,Christian: Protestant or Other,Strongly,34,Never saw it,Liked it,Liked it,Liked it,Liked it,Never saw it,Liked it,Liked it,Liked it,Liked it,Never saw it,Never saw it,Liked it,Never saw it,Never saw it,Liked it,Liked it,Never saw it,Liked it,Liked it,Never saw it,Never saw it,Never saw it,Liked it,Strongly agree,Strongly agree,Strongly agree,Strongly disagree,Somewhat agree,Strongly agree,Strongly disagree,Strongly disagree,Strongly disagree,Strongly disagree,Somewhat disagree
Female,Christian: Protestant or Other,Strongly,24,Liked it,Liked it,Liked it,Never saw it,Liked it,Never saw it,Liked it,Never saw it,Didn't like it,Liked it,Didn't like it,Liked it,Liked it,Never saw it,Never saw it,Didn't like it,Didn't like it,Liked it,Liked it,Never saw it,Never saw it,Never saw it,Never saw it,Didn't like it,Somewhat agree,Somewhat agree,Somewhat agree,Somewhat agree,Somewhat agree,Somewhat agree,Somewhat disagree,Strongly disagree,Strongly disagree,Somewhat disagree,Somewhat disagree
Male,Christian: Catholic or Orthodox,Moderately,35,Liked it,Never saw it,Liked it,Liked it,Liked it,Liked it,Didn't like it,Didn't like it,Liked it,Liked it,Didn't like it,Liked it,Didn't like it,Liked it,Liked it,Liked it,Didn't like it,Didn't like it,Didn't like it,Liked it,Didn't like it,Liked it,Didn't like it,Didn't like it,No opinion,Strongly agree,Somewhat disagree,Somewhat disagree,Somewhat disagree,Somewhat agree,No opinion,Strongly disagree,Strongly disagree,Strongly disagree,Strongly disagree
Male,Jewish,Not at all,31,Didn't like it,Never saw it,Never saw it,Never saw it,Never saw it,Never saw it,Never saw it,Never saw it,Never saw it,Never saw it,Never saw it,Never saw it,Never saw it,Liked it,Never saw it,Never saw it,Never saw it,Never saw it,Liked it,Liked it,Never saw it,Liked it,Never saw it,Didn't like it,No opinion,Strongly agree,Somewhat agree,Strongly disagree,No opinion,Strongly agree,Somewhat disagree,Strongly disagree,Strongly disagree,Strongly disagree,Strongly disagree
Female,Not Religious,Not at all,30,Liked it,Liked it,Liked it,Liked it,Never saw it,Liked it,Liked it,Never saw it,Never saw it,Liked it,Liked it,Liked it,Liked it,Never saw it,Liked it,Liked it,Liked it,Didn't like it,Liked it,Never saw it,Never saw it,Liked it,Never saw it,Liked it,Somewhat agree,Strongly agree,Somewhat agree,No opinion,Strongly agree,Somewhat agree,Somewhat disagree,Strongly disagree,Strongly disagree,Somewhat disagree,No opinion
Female,Not Religious,Not at all,29,Never saw it,Liked it,Never saw it,Liked it,Never saw it,Liked it,Liked it,Never saw it,Liked it,Liked it,Never saw it,Never saw it,Liked it,Liked it,Liked it,Never saw it,Liked it,Never saw it,Never saw it,Liked it,Never saw it,Liked it,Liked it,Liked it,Strongly agree,Strongly agree,Strongly agree,No opinion,Somewhat agree,Strongly agree,Strongly disagree,Strongly disagree,Strongly disagree,Strongly disagree,Somewhat disagree
Female,Christian: Catholic or Orthodox,Moderately,36,Never saw it,Never saw it,Never saw it,Never saw it,Never saw it,Never saw it,Liked it,Never saw it,Never saw it,Liked it,Never saw it,Never saw it,Liked it,Never saw it,Never saw it,Never saw it,Never saw it,Liked it,Never saw it,Never saw it,Never saw it,Liked it,Never saw it,Liked it,No opinion,Somewhat agree,Somewhat agree,Somewhat agree,Somewhat agree,Somewhat agree,Somewhat disagree,Somewhat disagree,Somewhat disagree,Somewhat agree,Somewhat disagree
Male,Muslim/Islamic,Strongly,25,Never saw it,Liked it,Liked it,Liked it,Liked it,Liked it,Never saw it,Didn't like it,Liked it,Never saw it,Never saw it,Liked it,Liked it,Liked it,Liked it,Didn't like it,Never saw it,Never saw it,Liked it,Never saw it,Never saw it,Never saw it,Never saw it,Liked it,Strongly agree,Somewhat agree,Strongly disagree,No opinion,No opinion,No opinion,Somewhat disagree,No opinion,Strongly disagree,Strongly agree,Somewhat disagree
Male,Not Religious,Not at all,27,Liked it,Liked it,Liked it,Didn't like it,Never saw it,Liked it,Liked it,Never saw it,Never saw it,Liked it,Didn't like it,Liked it,Never saw it,Never saw it,Never saw it,Never saw it,Liked it,Never saw it,Never saw it,Liked it,Never saw it,Didn't like it,Didn't like it,Didn't like it,No opinion,Strongly agree,Strongly agree,Strongly disagree,Somewhat agree,Strongly disagree,Strongly disagree,Strongly disagree,Strongly disagree,Strongly disagree,Strongly disagree
Female,Christian: Catholic or Orthodox,Strongly,57,Never saw it,Liked it,Never saw it,Never saw it,Never saw it,Never saw it,Never saw it,Never saw it,Liked it,Never saw it,Liked it,Never saw it,Liked it,Liked it,Never saw it,Never saw it,Never saw it,Liked it,Never saw it,Never saw it,Didn't like it,Didn't like it,Liked it,Never saw it,Strongly agree,Strongly agree,Strongly agree,No opinion,No opinion,Strongly agree,Strongly agree,No opinion,Strongly disagree,Strongly disagree,Somewhat disagree
Female,Not Religious,Not at all,28,Never saw it,Liked it,Liked it,Didn't like it,Liked it,Liked it,Didn't like it,Didn't like it,Liked it,Liked it,Liked it,Liked it,Never saw it,Never saw it,Never saw it,Never saw it,Liked it,Didn't like it,Liked it,Liked it,Never saw it,Liked it,Never saw it,Didn't like it,Somewhat agree,Strongly agree,Strongly agree,No opinion,Strongly agree,Somewhat agree,Somewhat disagree,Somewhat disagree,No opinion,Strongly disagree,Strongly disagree
Female,Christian: Protestant or Other,Moderately,56,Liked it,Liked it,Liked it,Never saw it,Never saw it,Never saw it,Never saw it,Never saw it,Never saw it,Never saw it,Never saw it,Never saw it,Liked it,Liked it,Liked it,Didn't like it,Never saw it,Never saw it,Didn't like it,Liked it,Never saw it,Never saw it,Never saw it,Liked it,No opinion,Strongly disagree,Somewhat disagree,Somewhat agree,No opinion,Somewhat disagree,No opinion,Strongly disagree,Somewhat disagree,Somewhat disagree,No opinion
Male,Christian: Catholic or Orthodox,Strongly,64,Liked it,Never saw it,Liked it,Never saw it,Never saw it,Liked it,Never saw it,Didn't like it,Never saw it,Never saw it,Liked it,Didn't like it,Liked it,Never saw it,Liked it,Never saw it,Never saw it,Never saw it,Never saw it,Never saw it,Never saw it,Liked it,Liked it,Didn't like it,Strongly agree,Strongly agree,Somewhat agree,Somewhat agree,No opinion,Strongly agree,Somewhat disagree,Strongly disagree,Strongly disagree,Strongly disagree,Somewhat disagree
Female,Not Religious,Not at all,28,Never saw it,Never saw it,Never saw it,Liked it,Never saw it,Liked it,Never saw it,Never saw it,Liked it,Never saw it,Never saw it,Never saw it,Never saw it,Never saw it,Never saw it,Never saw it,Never saw it,Liked it,Never saw it,Never saw it,Never saw it,Never saw it,Never saw it,Liked it,No opinion,Somewhat agree,Strongly agree,Somewhat disagree,Somewhat agree,Somewhat agree,No opinion,Somewhat disagree,Somewhat disagree,No opinion,Strongly disagree
Male,Not Religious,Slightly,37,Liked it,Liked it,Liked it,Never saw it,Liked it,Liked it,Never saw it,Never saw it,Didn't like it,Never saw it,Liked it,Liked it,Never saw it,Liked it,Liked it,Didn't like it,Never saw it,Never saw it,Never saw it,Liked it,Never saw it,Liked it,Liked it,Liked it,Strongly agree,Strongly agree,Somewhat agree,Somewhat disagree,Somewhat disagree,Strongly agree,Somewhat disagree,Somewhat disagree,Strongly disagree,Strongly disagree,Somewhat disagree
Female,Buddhist/Confucian/Shinto,Not at all,24,Liked it,Liked it,Liked it,Liked it,Liked it,Liked it,Liked it,Never saw it,Liked it,Liked it,Liked it,Liked it,Never saw it,Never saw it,Never saw it,Liked it,Never saw it,Never saw it,Never saw it,Liked it,Never saw it,Liked it,Didn't like it,Liked it,Strongly agree,Strongly agree,Somewhat agree,Strongly disagree,Somewhat agree,Strongly agree,Somewhat disagree,Strongly disagree,Strongly disagree,Strongly disagree,Strongly disagree
Male,Buddhist/Confucian/Shinto,Not at all,30,Liked it,Liked it,Liked it,Liked it,Liked it,Liked it,Liked it,Liked it,Liked it,Liked it,Liked it,Liked it,Liked it,Liked it,Liked it,Liked it,Liked it,Liked it,Liked it,Liked it,Liked it,Liked it,Liked it,Liked it,Strongly agree,Strongly agree,Strongly agree,Strongly disagree,Strongly agree,Strongly agree,Strongly disagree,Strongly disagree,Strongly disagree,Strongly disagree,Strongly disagree
Male,Not Religious,Not at all,24,Never saw it,Never saw it,Liked it,Never saw it,Never saw it,Liked it,Never saw it,Liked it,Never saw it,Never saw it,Never saw it,Didn't like it,Never saw it,Never saw it,Never saw it,Never saw it,Never saw it,Never saw it,Never saw it,Never saw it,Never saw it,Never saw it,Never saw it,Didn't like it,No opinion,Somewhat agree,No opinion,Somewhat disagree,Somewhat agree,Somewhat disagree,Somewhat agree,Strongly disagree,Somewhat disagree,Somewhat agree,Somewhat disagree
Male,Buddhist/Confucian/Shinto,Slightly,29,Liked it,Never saw it,Liked it,Never saw it,Never saw it,Didn't like it,Never saw it,Never saw it,Liked it,Never saw it,Didn't like it,Liked it,Never saw it,Never saw it,Never saw it,Liked it,Never saw it,Never saw it,Never saw it,Liked it,Never saw it,Never saw it,Never saw it,Never saw it,Somewhat agree,Somewhat agree,Somewhat agree,No opinion,No opinion,Somewhat disagree,Somewhat disagree,Somewhat disagree,Somewhat disagree,No opinion,No opinion
Female,Christian: Protestant or Other,Slightly,46,Liked it,Never saw it,Didn't like it,Never saw it,Liked it,Liked it,Never saw it,Liked it,Never saw it,Liked it,Never saw it,Never saw it,Liked it,Liked it,Never saw it,Liked it,Never saw it,Liked it,Never saw it,Never saw it,Liked it,Liked it,Liked it,Liked it,Strongly agree,Strongly agree,Strongly agree,Strongly disagree,Somewhat agree,Strongly agree,Somewhat disagree,Strongly disagree,Strongly disagree,Strongly agree,Strongly disagree
Male,Hindu,Moderately,23,Never saw it,Liked it,Liked it,Liked it,Liked it,Liked it,Liked it,Liked it,Liked it,Liked it,Liked it,Liked it,Liked it,Liked it,Liked it,Liked it,Liked it,Liked it,Liked it,Liked it,Liked it,Liked it,Liked it,Liked it,Somewhat agree,Somewhat agree,No opinion,No opinion,Somewhat agree,No opinion,Somewhat agree,Somewhat agree,Somewhat agree,Somewhat agree,Somewhat agree
Female,Not Religious,Slightly,29,Liked it,Liked it,Liked it,Didn't like it,Never saw it,Liked it,Liked it,Never saw it,Never saw it,Liked it,Liked it,Liked it,Never saw it,Never saw it,Liked it,Never saw it,Liked it,Liked it,Liked it,Never saw it,Never saw it,Liked it,Never saw it,Liked it,Somewhat agree,Somewhat agree,Somewhat agree,Somewhat disagree,Somewhat disagree,Somewhat agree,Somewhat disagree,Strongly disagree,Somewhat agree,Somewhat disagree,Strongly disagree
Female,Not Religious,Not at all,30,Never saw it,Liked it,Never saw it,Didn't like it,Never saw it,Never saw it,Liked it,Never saw it,Never saw it,Liked it,Never saw it,Never saw it,Never saw it,Never saw it,Never saw it,Never saw it,Never saw it,Liked it,Never saw it,Never saw it,Never saw it,Liked it,Never saw it,Never saw it,Strongly agree,Strongly agree,Strongly agree,Strongly disagree,Strongly agree,Strongly agree,Somewhat disagree,Strongly disagree,Strongly disagree,Strongly disagree,Somewhat disagree
Female,Buddhist/Confucian/Shinto,Moderately,26,Never saw it,Liked it,Liked it,Never saw it,Liked it,Liked it,Never saw it,Never saw it,Never saw it,Never saw it,Never saw it,Liked it,Never saw it,Never saw it,Never saw it,Never saw it,Never saw it,Never saw it,Liked it,Never saw it,Never saw it,Never saw it,Never saw it,Never saw it,No opinion,Strongly agree,Strongly agree,Somewhat agree,Strongly agree,Strongly agree,Somewhat agree,Somewhat agree,Somewhat agree,No opinion,No opinion
Male,Hindu,Not at all,23,Never saw it,Didn't like it,Liked it,Didn't like it,Didn't like it,Liked it,Liked it,Liked it,Liked it,Never saw it,Didn't like it,Liked it,Never saw it,Liked it,Never saw it,Liked it,Never saw it,Liked it,Liked it,Didn't like it,Liked it,Liked it,Liked it,Liked it,No opinion,Somewhat agree,Somewhat disagree,Strongly disagree,Strongly disagree,No opinion,Somewhat agree,Strongly disagree,Strongly disagree,Somewhat disagree,No opinion
Male,Not Religious,Not at all,29,Liked it,Liked it,Liked it,Never saw it,Liked it,Liked it,Liked it,Liked it,Liked it,Liked it,Liked it,Liked it,Liked it,Liked it,Liked it,Never saw it,Never saw it,Liked it,Liked it,Liked it,Never saw it,Never saw it,Never saw it,Never saw it,No opinion,Strongly agree,Somewhat agree,Somewhat disagree,Somewhat agree,Strongly agree,No opinion,No opinion,Somewhat disagree,Somewhat agree,Somewhat disagree
Female,Christian: Protestant or Other,Moderately,24,Didn't like it,Liked it,Liked it,Liked it,Didn't like it,Never saw it,Liked it,Never saw it,Never saw it,Liked it,Liked it,Didn't like it,Liked it,Didn't like it,Didn't like it,Never saw it,Didn't like it,Liked it,Didn't like it,Never saw it,Never saw it,Never saw it,Never saw it,Didn't like it,No opinion,Somewhat agree,No opinion,Strongly disagree,No opinion,Strongly agree,No opinion,Strongly disagree,Somewhat disagree,Somewhat agree,Strongly disagree
Male,Christian: Catholic or Orthodox,Slightly,27,Liked it,Liked it,Liked it,Never saw it,Liked it,Liked it,Liked it,Never saw it,Never saw it,Liked it,Liked it,Liked it,Never saw it,Never saw it,Never saw it,Never saw it,Never saw it,Never saw it,Liked it,Liked it,Never saw it,Never saw it,Never saw it,Liked it,Strongly agree,Strongly agree,No opinion,Somewhat agree,Somewhat disagree,Strongly agree,Somewhat disagree,Somewhat disagree,No opinion,Strongly disagree,Somewhat disagree
Female,Not Religious,Not at all,45,Never saw it,Liked it,Never saw it,Liked it,Never saw it,Never saw it,Liked it,Never saw it,Never saw it,Liked it,Liked it,Never saw it,Liked it,Never saw it,Never saw it,Never saw it,Liked it,Didn't like it,Never saw it,Liked it,Never saw it,Liked it,Never saw it,Didn't like it,Strongly agree,Strongly agree,Strongly agree,Strongly disagree,Strongly agree,Strongly agree,Strongly disagree,Strongly disagree,Strongly disagree,Strongly disagree,Strongly disagree
Female,Christian: Protestant or Other,Strongly,35,Never saw it,Never saw it,Liked it,Never saw it,Liked it,Never saw it,Liked it,Never saw it,Never saw it,Liked it,Liked it,Liked it,Never saw it,Never saw it,Never saw it,Liked it,Never saw it,Never saw it,Never saw it,Didn't like it,Never saw it,Liked it,Never saw it,Didn't like it,No opinion,Strongly agree,Somewhat agree,Somewhat disagree,Strongly agree,No opinion,Somewhat disagree,Strongly disagree,No opinion,Somewhat disagree,Somewhat agree
Male,Not Religious,Not at all,41,Didn't like it,Liked it,Never saw it,Never saw it,Never saw it,Didn't like it,Liked it,Didn't like it,Never saw it,Liked it,Liked it,Never saw it,Never saw it,Liked it,Liked it,Never saw it,Didn't like it,Liked it,Never saw it,Liked it,Never saw it,Liked it,Never saw it,Didn't like it,Strongly agree,Strongly agree,Strongly agree,Strongly disagree,Strongly agree,Strongly agree,No opinion,Strongly disagree,Strongly disagree,Strongly disagree,Strongly disagree
Female,Not Religious,Not at all,24,Never saw it,Liked it,Never saw it,Never saw it,Never saw it,Liked it,Never saw it,Never saw it,Never saw it,Liked it,Never saw it,Never saw it,Never saw it,Never saw it,Never saw it,Never saw it,Never saw it,Liked it,Never saw it,Never saw it,Never saw it,Never saw it,Never saw it,Liked it,Somewhat agree,Strongly agree,Somewhat agree,Somewhat disagree,Somewhat agree,Somewhat disagree,Strongly disagree,Somewhat disagree,Strongly disagree,Strongly disagree,Somewhat disagree
Female,Christian: Catholic or Orthodox,Moderately,40,Never saw it,Liked it,Never saw it,Liked it,Never saw it,Liked it,Liked it,Liked it,Liked it,Liked it,Didn't like it,Didn't like it,Didn't like it,Liked it,Never saw it,Liked it,Never saw it,Never saw it,Liked it,Never saw it,Never saw it,Never saw it,Never saw it,Never saw it,Strongly agree,Strongly agree,Strongly agree,Somewhat agree,Strongly agree,Strongly agree,Somewhat agree,Somewhat agree,Somewhat agree,Strongly agree,No opinion
Female,Not Religious,Slightly,31,Didn't like it,Liked it,Didn't like it,Liked it,Never saw it,Liked it,Liked it,Didn't like it,Never saw it,Never saw it,Liked it,Never saw it,Never saw it,Never saw it,Never saw it,Never saw it,Never saw it,Liked it,Liked it,Never saw it,Never saw it,Liked it,Never saw it,Liked it,Strongly agree,Strongly agree,Somewhat agree,Somewhat agree,Strongly agree,Strongly agree,Somewhat agree,Strongly disagree,Strongly disagree,Strongly disagree,Strongly disagree
Male,Not Religious,Not at all,26,Liked it,Liked it,Liked it,Never saw it,Liked it,Liked it,Never saw it,Liked it,Liked it,Never saw it,Never saw it,Liked it,Never saw it,Never saw it,Liked it,Liked it,Never saw it,Never saw it,Never saw it,Liked it,Never saw it,Liked it,Never saw it,Liked it,Strongly agree,Somewhat agree,Somewhat disagree,Somewhat agree,Somewhat disagree,Strongly disagree,Somewhat disagree,Strongly disagree,Strongly disagree,Strongly disagree,Strongly disagree
Nonbinary,Christian: Catholic or Orthodox,Slightly,38,Liked it,Never saw it,Never saw it,Liked it,Liked it,Never saw it,Never saw it,Never saw it,Never saw it,Liked it,Liked it,Liked it,Never saw it,Liked it,Didn't like it,Liked it,Never saw it,Never saw it,Liked it,Didn't like it,Never saw it,Never saw it,Liked it,Liked it,Somewhat disagree,Somewhat disagree,Somewhat disagree,Strongly disagree,Somewhat agree,Strongly agree,Somewhat agree,Strongly disagree,Strongly disagree,Strongly disagree,No opinion
Female,Not Religious,Not at all,25,Never saw it,Never saw it,Liked it,Didn't like it,Never saw it,Liked it,Liked it,Never saw it,Never saw it,Liked it,Never saw it,Never saw it,Never saw it,Never saw it,Never saw it,Liked it,Liked it,Never saw it,Never saw it,Didn't like it,Never saw it,Never saw it,Never saw it,Didn't like it,Somewhat disagree,Somewhat agree,Strongly agree,Strongly disagree,Somewhat agree,Somewhat disagree,Strongly disagree,Strongly disagree,Somewhat disagree,Strongly disagree,Somewhat disagree
Male,Buddhist/Confucian/Shinto,Slightly,35,Liked it,Liked it,Liked it,Didn't like it,Liked it,Liked it,Liked it,Didn't like it,Didn't like it,Liked it,Liked it,Liked it,Liked it,Liked it,Didn't like it,Didn't like it,Liked it,Liked it,Liked it,Liked it,Liked it,Liked it,Liked it,Liked it,Strongly agree,Strongly agree,Strongly agree,Strongly disagree,No opinion,Strongly agree,Somewhat agree,No opinion,No opinion,Somewhat disagree,Somewhat disagree
Female,Buddhist/Confucian/Shinto,Slightly,27,Never saw it,Liked it,Liked it,Never saw it,Never saw it,Liked it,Liked it,Never saw it,Never saw it,Liked it,Liked it,Liked it,Never saw it,Never saw it,Liked it,Never saw it,Never saw it,Never saw it,Liked it,Never saw it,Never saw it,Never saw it,Never saw it,Liked it,Somewhat agree,Strongly agree,Somewhat agree,Somewhat agree,Somewhat agree,Somewhat agree,Somewhat agree,Somewhat agree,Somewhat agree,Somewhat agree,Somewhat agree
Female,Not Religious,Slightly,45,Liked it,Didn't like it,Liked it,Didn't like it,Didn't like it,Liked it,Liked it,Didn't like it,Didn't like it,Liked it,Liked it,Liked it,Liked it,Liked it,Liked it,Liked it,Didn't like it,Didn't like it,Didn't like it,Didn't like it,Didn't like it,Liked it,Never saw it,Liked it,Strongly agree,Strongly agree,Somewhat agree,Strongly disagree,Somewhat agree,No opinion,Strongly disagree,Strongly disagree,Strongly disagree,Strongly disagree,Somewhat agree
Male,Jewish,Not at all,,Liked it,Didn't like it,Never saw it,Never saw it,Never saw it,Didn't like it,Liked it,Didn't like it,Never saw it,Liked it,Never saw it,Didn't like it,Liked it,Never saw it,Liked it,Never saw it,Never saw it,Liked it,Never saw it,Liked it,Didn't like it,Liked it,Never saw it,Never saw it,Strongly agree,Somewhat agree,Strongly agree,Strongly disagree,Somewhat agree,Strongly agree,Strongly disagree,Strongly disagree,Strongly disagree,Strongly disagree,Strongly disagree
Female,Not Religious,Moderately,29,Liked it,Never saw it,Liked it,Didn't like it,Never saw it,Liked it,Liked it,Never saw it,Liked it,Liked it,Never saw it,Liked it,Never saw it,Never saw it,Never saw it,Never saw it,Never saw it,Never saw it,Never saw it,Never saw it,Never saw it,Liked it,Never saw it,Liked it,No opinion,Strongly agree,Strongly agree,Strongly disagree,Strongly agree,Strongly agree,Strongly agree,Strongly disagree,Strongly disagree,Somewhat agree,Strongly disagree
Female,Christian: Protestant or Other,Strongly,45,Liked it,Never saw it,Liked it,Never saw it,Never saw it,Never saw it,Liked it,Liked it,Never saw it,Liked it,Liked it,Liked it,Never saw it,Liked it,Never saw it,Never saw it,Liked it,Liked it,Liked it,Never saw it,Liked it,Liked it,Liked it,Liked it,No opinion,Somewhat disagree,Strongly agree,Somewhat agree,Somewhat agree,Somewhat disagree,No opinion,Strongly disagree,Strongly disagree,Somewhat disagree,No opinion
Female,Not Religious,Not at all,41,Liked it,Liked it,Liked it,Didn't like it,Never saw it,Never saw it,Liked it,Never saw it,Never saw it,Liked it,Liked it,Liked it,Liked it,Liked it,Liked it,Didn't like it,Never saw it,Liked it,Never saw it,Liked it,Never saw it,Never saw it,Never saw it,Never saw it,Strongly agree,Strongly agree,Strongly agree,Strongly disagree,Somewhat agree,Strongly agree,Strongly disagree,Strongly disagree,Strongly disagree,Somewhat disagree,Strongly disagree
Female,Christian: Protestant or Other,Moderately,72,Liked it,Never saw it,Never saw it,Never saw it,Never saw it,Never saw it,Never saw it,Never saw it,Never saw it,Never saw it,Never saw it,Never saw it,Never saw it,Never saw it,Never saw it,Never saw it,Never saw it,Never saw it,Never saw it,Never saw it,Never saw it,Liked it,Liked it,Never saw it,Strongly agree,Somewhat agree,Strongly agree,Somewhat disagree,Strongly agree,Somewhat disagree,Somewhat disagree,Strongly disagree,Strongly disagree,Somewhat agree,Somewhat agree
Male,Christian: Protestant or Other,Strongly,37,Liked it,Never saw it,Liked it,Liked it,Liked it,Liked it,Liked it,Liked it,Liked it,Liked it,Liked it,Liked it,Liked it,Liked it,Liked it,Liked it,Never saw it,Liked it,Never saw it,Liked it,Liked it,Liked it,Liked it,Liked it,Strongly agree,Strongly agree,Strongly agree,Strongly disagree,Strongly agree,Strongly agree,Somewhat agree,Strongly disagree,Strongly disagree,Strongly disagree,Strongly disagree
Female,Christian: Protestant or Other,Not at all,62,Never saw it,Liked it,Never saw it,Never saw it,Never saw it,Never saw it,Never saw it,Never saw it,Never saw it,Never saw it,Never saw it,Never saw it,Never saw it,Never saw it,Never saw it,Never saw it,Never saw it,Liked it,Never saw it,Never saw it,Never saw it,Liked it,Liked it,Liked it,Somewhat agree,Somewhat agree,Strongly agree,Somewhat agree,Somewhat agree,Somewhat agree,No opinion,Somewhat agree,Somewhat disagree,Strongly agree,No opinion
Male,Christian: Protestant or Other,Strongly,27,Liked it,Liked it,Liked it,Never saw it,Liked it,Didn't like it,Never saw it,Didn't like it,Liked it,Liked it,Didn't like it,Didn't like it,Didn't like it,Never saw it,Didn't like it,Never saw it,Liked it,Liked it,Never saw it,Never saw it,Never saw it,Never saw it,Never saw it,Liked it,Somewhat agree,Somewhat agree,Strongly disagree,Somewhat agree,Somewhat agree,Strongly disagree,Somewhat agree,Somewhat agree,Somewhat agree,Somewhat disagree,Somewhat disagree
Female,Not Religious,Not at all,36,Liked it,Liked it,Liked it,Liked it,Didn't like it,Liked it,Liked it,Never saw it,Never saw it,Liked it,Liked it,Liked it,Never saw it,Liked it,Liked it,Liked it,Liked it,Liked it,Liked it,Liked it,Never saw it,Liked it,Never saw it,Liked it,Somewhat agree,Somewhat agree,Somewhat agree,Somewhat disagree,Strongly agree,Somewhat agree,Strongly disagree,Strongly disagree,Somewhat disagree,Strongly agree,Strongly disagree
Male,Sikh,Moderately,28,Never saw it,Liked it,Liked it,Never saw it,Liked it,Liked it,Never saw it,Never saw it,Liked it,Never saw it,Liked it,Never saw it,Never saw it,Never saw it,Never saw it,Liked it,Never saw it,Never saw it,Never saw it,Never saw it,Liked it,Liked it,Liked it,Liked it,Strongly agree,Somewhat disagree,Strongly disagree,Strongly disagree,Strongly disagree,Somewhat disagree,Strongly agree,Strongly disagree,Strongly disagree,Strongly disagree,Strongly disagree
Male,Not Religious,Not at all,45,Liked it,Liked it,Liked it,Liked it,Didn't like it,Didn't like it,Liked it,Never saw it,Never saw it,Liked it,Liked it,Never saw it,Liked it,Never saw it,Didn't like it,Never saw it,Never saw it,Liked it,Never saw it,Liked it,Never saw it,Liked it,Never saw it,Liked it,Strongly agree,Somewhat agree,Strongly agree,Strongly disagree,Strongly agree,Strongly agree,Strongly disagree,Strongly disagree,No opinion,Somewhat disagree,No opinion
Female,Not Religious,Not at all,44,Never saw it,Liked it,Never saw it,Didn't like it,Never saw it,Never saw it,Liked it,Never saw it,Never saw it,Liked it,Never saw it,Never saw it,Liked it,Never saw it,Never saw it,Never saw it,Liked it,Liked it,Never saw it,Liked it,Never saw it,Liked it,Never saw it,Didn't like it,Strongly agree,Strongly agree,Strongly agree,Somewhat agree,Strongly agree,Strongly agree,Strongly disagree,Strongly disagree,Strongly disagree,Somewhat agree,Strongly disagree
Male,Christian: Protestant or Other,Moderately,45,Never saw it,Never saw it,Never saw it,Never saw it,Never saw it,Never saw it,Never saw it,Never saw it,Never saw it,Never saw it,Never saw it,Never saw it,Never saw it,Liked it,Never saw it,Never saw it,Never saw it,Didn't like it,Never saw it,Liked it,Liked it,Liked it,Liked it,Liked it,Strongly agree,Strongly agree,Strongly agree,Somewhat disagree,Somewhat agree,Strongly agree,Strongly disagree,Strongly disagree,Strongly disagree,Strongly disagree,Strongly disagree
Female,Not Religious,Not at all,35,Liked it,Liked it,Liked it,Never saw it,Liked it,Liked it,Never saw it,Didn't like it,Didn't like it,Liked it,Liked it,Never saw it,Liked it,Liked it,Never saw it,Liked it,Never saw it,Liked it,Never saw it,Liked it,Never saw it,Liked it,Never saw it,Liked it,Somewhat agree,Somewhat agree,Strongly agree,Strongly disagree,Strongly agree,Strongly agree,Strongly disagree,Strongly disagree,Strongly disagree,Strongly disagree,Strongly disagree
Male,Not Religious,Not at all,41,Never saw it,Never saw it,Liked it,Never saw it,Never saw it,Liked it,Liked it,Never saw it,Never saw it,Liked it,Never saw it,Never saw it,Never saw it,Liked it,Never saw it,Liked it,Never saw it,Never saw it,Never saw it,Liked it,Never saw it,Liked it,Never saw it,Liked it,Somewhat agree,Somewhat agree,Somewhat agree,Somewhat agree,Somewhat agree,No opinion,Strongly disagree,Somewhat disagree,No opinion,Somewhat agree,No opinion
Female,Not Religious,Not at all,52,Never saw it,Never saw it,Never saw it,Never saw it,Never saw it,Never saw it,Never saw it,Never saw it,Never saw it,Never saw it,Never saw it,Never saw it,Never saw it,Never saw it,Never saw it,Never saw it,Never saw it,Never saw it,Never saw it,Liked it,Never saw it,Liked it,Never saw it,Never saw it,Strongly agree,Strongly agree,Strongly agree,Somewhat disagree,Strongly agree,Strongly agree,Strongly disagree,Strongly agree,Strongly disagree,No opinion,Strongly disagree
Male,Not Religious,Not at all,43,Liked it,Liked it,Liked it,Liked it,Liked it,Liked it,Liked it,Liked it,Liked it,Liked it,Never saw it,Liked it,Liked it,Liked it,Liked it,Liked it,Liked it,Liked it,Liked it,Liked it,Liked it,Liked it,Liked it,Liked it,Strongly disagree,Strongly disagree,Strongly agree,Strongly disagree,Strongly agree,Strongly agree,Strongly disagree,Strongly disagree,Strongly disagree,Strongly disagree,Strongly disagree
Female,Not Religious,Not at all,31,Never saw it,Liked it,Liked it,Liked it,Never saw it,Liked it,Never saw it,Never saw it,Never saw it,Never saw it,Never saw it,Never saw it,Liked it,Liked it,Liked it,Liked it,Never saw it,Never saw it,Never saw it,Liked it,Never saw it,Never saw it,Liked it,Liked it,Somewhat agree,Strongly agree,Strongly agree,Strongly disagree,Strongly agree,Somewhat agree,No opinion,Strongly disagree,Strongly disagree,Strongly disagree,Strongly disagree
Female,Pagan,Moderately,31,Liked it,Liked it,Liked it,Didn't like it,Liked it,Liked it,Liked it,Didn't like it,Never saw it,Liked it,Liked it,Liked it,Liked it,Liked it,Liked it,Liked it,Liked it,Liked it,Never saw it,Liked it,Liked it,Liked it,Liked it,Liked it,Strongly agree,Strongly agree,Strongly agree,Strongly disagree,Somewhat agree,Strongly agree,Somewhat disagree,Strongly disagree,Somewhat disagree,Strongly disagree,Strongly disagree
Female,Christian: Protestant or Other,Strongly,60,Never saw it,Never saw it,Never saw it,Never saw it,Never saw it,Never saw it,Never saw it,Never saw it,Never saw it,Never saw it,Never saw it,Never saw it,Never saw it,Never saw it,Never saw it,Never saw it,Never saw it,Didn't like it,Never saw it,Never saw it,Never saw it,Never saw it,Never saw it,Never saw it,No opinion,Somewhat agree,Strongly agree,Strongly disagree,Strongly agree,Strongly agree,Somewhat disagree,Strongly disagree,Strongly disagree,Strongly agree,No opinion
Male,Hindu,Slightly,47,Liked it,Liked it,Liked it,Never saw it,Never saw it,Liked it,Never saw it,Never saw it,Never saw it,Liked it,Didn't like it,Liked it,Never saw it,Liked it,Never saw it,Liked it,Never saw it,Liked it,Never saw it,Never saw it,Never saw it,Liked it,Liked it,Liked it,Strongly agree,Strongly agree,No opinion,Somewhat disagree,No opinion,Somewhat agree,Somewhat disagree,Somewhat disagree,Somewhat disagree,Strongly disagree,No opinion
Female,Not Religious,Moderately,30,Never saw it,Never saw it,Never saw it,Never saw it,Never saw it,Never saw it,Never saw it,Never saw it,Never saw it,Never saw it,Never saw it,Never saw it,Never saw it,Never saw it,Never saw it,Never saw it,Never saw it,Liked it,Never saw it,Never saw it,Never saw it,Never saw it,Never saw it,Never saw it,Somewhat agree,Strongly agree,Somewhat agree,Somewhat disagree,Somewhat agree,Strongly agree,Somewhat disagree,Somewhat disagree,Somewhat disagree,Somewhat agree,No opinion
Male,Not Religious,Not at all,39,Liked it,Liked it,Liked it,Liked it,Never saw it,Liked it,Liked it,Didn't like it,Didn't like it,Liked it,Liked it,Liked it,Never saw it,Liked it,Liked it,Didn't like it,Liked it,Never saw it,Liked it,Liked it,Never saw it,Liked it,Never saw it,Liked it,Strongly agree,Strongly agree,Strongly agree,Strongly disagree,Strongly agree,Strongly agree,Somewhat disagree,Strongly disagree,Strongly disagree,Strongly agree,Strongly disagree
Female,Not Religious,Not at all,42,Liked it,Liked it,Never saw it,Never saw it,Never saw it,Never saw it,Liked it,Never saw it,Never saw it,Liked it,Never saw it,Never saw it,Liked it,Never saw it,Never saw it,Never saw it,Liked it,Never saw it,Never saw it,Never saw it,Never saw it,Never saw it,Never saw it,Didn't like it,Strongly agree,Strongly disagree,Strongly agree,Strongly disagree,Strongly agree,Strongly agree,Strongly disagree,Strongly disagree,Strongly disagree,Strongly agree,Strongly disagree
Male,Not Religious,Slightly,46,Liked it,Liked it,Liked it,Never saw it,Liked it,Liked it,Never saw it,Didn't like it,Didn't like it,Liked it,Liked it,Liked it,Never saw it,Liked it,Liked it,Didn't like it,Never saw it,Never saw it,Liked it,Liked it,Never saw it,Never saw it,Never saw it,Liked it,Strongly agree,Somewhat agree,Strongly agree,Strongly disagree,Strongly agree,Somewhat agree,Strongly disagree,Strongly disagree,Strongly disagree,Strongly disagree,Somewhat disagree
Female,Christian: Catholic or Orthodox,Slightly,33,Liked it,Never saw it,Liked it,Liked it,Never saw it,Liked it,Liked it,Didn't like it,Didn't like it,Never saw it,Liked it,Liked it,Liked it,Liked it,Never saw it,Didn't like it,Never saw it,Never saw it,Liked it,Liked it,Never saw it,Never saw it,Liked it,Never saw it,Strongly agree,Strongly agree,Somewhat agree,Strongly disagree,Somewhat agree,Somewhat disagree,Strongly disagree,Somewhat agree,Strongly disagree,Somewhat disagree,Somewhat disagree
Female,Christian: Protestant or Other,Strongly,23,Liked it,Liked it,Liked it,Liked it,Liked it,Liked it,Liked it,Liked it,Liked it,Liked it,Never saw it,Liked it,Liked it,Liked it,Liked it,Liked it,Liked it,Liked it,Liked it,Liked it,Liked it,Liked it,Never saw it,Liked it,Strongly agree,Strongly agree,Strongly agree,Strongly disagree,Strongly agree,Strongly agree,Somewhat disagree,Strongly disagree,Strongly disagree,Somewhat agree,No opinion
Male,Christian: Catholic or Orthodox,Slightly,26,Liked it,Never saw it,Liked it,Never saw it,Liked it,Liked it,Never saw it,Didn't like it,Liked it,Never saw it,Didn't like it,Liked it,Liked it,Never saw it,Never saw it,Liked it,Never saw it,Never saw it,Never saw it,Liked it,Never saw it,Liked it,Liked it,Liked it,Strongly agree,Somewhat disagree,Somewhat agree,Strongly disagree,Somewhat disagree,Strongly agree,Somewhat disagree,Strongly disagree,Strongly disagree,Somewhat agree,Somewhat agree
Male,Buddhist/Confucian/Shinto,Slightly,30,Liked it,Liked it,Liked it,Liked it,Didn't like it,Never saw it,Liked it,Liked it,Didn't like it,Liked it,Never saw it,Liked it,Never saw it,Liked it,Liked it,Didn't like it,Never saw it,Never saw it,Never saw it,Never saw it,Never saw it,Never saw it,Never saw it,Didn't like it,Somewhat agree,Strongly agree,Somewhat agree,Somewhat disagree,Somewhat disagree,No opinion,Somewhat disagree,Strongly disagree,Somewhat disagree,Somewhat disagree,Somewhat disagree
Male,Not Religious,Not at all,34,Liked it,Never saw it,Never saw it,Didn't like it,Liked it,Liked it,Never saw it,Never saw it,Liked it,Liked it,Never saw it,Never saw it,Never saw it,Never saw it,Never saw it,Liked it,Liked it,Didn't like it,Never saw it,Liked it,Liked it,Liked it,Liked it,Liked it,Strongly agree,Strongly agree,Strongly agree,Strongly disagree,Strongly agree,Strongly agree,Somewhat disagree,Strongly disagree,Strongly disagree,Strongly agree,Strongly disagree
Male,Not Religious,Slightly,35,Didn't like it,Never saw it,Liked it,Never saw it,Never saw it,Liked it,Never saw it,Didn't like it,Didn't like it,Never saw it,Didn't like it,Liked it,Never saw it,Never saw it,Liked it,Didn't like it,Never saw it,Never saw it,Never saw it,Liked it,Never saw it,Never saw it,Liked it,Liked it,Strongly agree,Strongly agree,Somewhat disagree,Strongly disagree,Somewhat agree,Somewhat agree,Strongly disagree,Strongly disagree,Strongly disagree,Strongly disagree,Strongly disagree
Male,church of jesus christ of ladder day saints,Strongly,61,Liked it,Never saw it,Liked it,Never saw it,Liked it,Never saw it,Never saw it,Liked it,Never saw it,Never saw it,Liked it,Never saw it,Never saw it,Never saw it,Liked it,Liked it,Never saw it,Never saw it,Never saw it,Never saw it,Liked it,Never saw it,Never saw it,Liked it,Strongly disagree,Somewhat disagree,Strongly disagree,Strongly agree,No opinion,Strongly disagree,No opinion,Somewhat disagree,Somewhat agree,Somewhat disagree,Somewhat disagree
Male,Not Religious,Not at all,30,Never saw it,Never saw it,Never saw it,Never saw it,Never saw it,Liked it,Never saw it,Never saw it,Never saw it,Liked it,Liked it,Never saw it,Never saw it,Never saw it,Never saw it,Never saw it,Never saw it,Never saw it,Never saw it,Liked it,Never saw it,Liked it,Liked it,Liked it,Strongly agree,Strongly agree,Somewhat disagree,Somewhat agree,No opinion,Somewhat disagree,Somewhat disagree,Strongly disagree,No opinion,Somewhat disagree,No opinion
Female,Not Religious,Not at all,28,Never saw it,Never saw it,Didn't like it,Never saw it,Never saw it,Didn't like it,Liked it,Never saw it,Never saw it,Liked it,Liked it,Never saw it,Liked it,Liked it,Never saw it,Liked it,Never saw it,Liked it,Never saw it,Liked it,Never saw it,Liked it,Never saw it,Didn't like it,Strongly agree,Strongly agree,Strongly agree,Strongly disagree,Strongly agree,Strongly agree,Somewhat disagree,Strongly disagree,Strongly disagree,Somewhat agree,Strongly disagree
Male,Not Religious,Slightly,34,Liked it,Never saw it,Never saw it,Never saw it,Never saw it,Never saw it,Never saw it,Never saw it,Didn't like it,Never saw it,Never saw it,Didn't like it,Liked it,Never saw it,Never saw it,Never saw it,Never saw it,Never saw it,Never saw it,Liked it,Never saw it,Never saw it,Never saw it,Didn't like it,Strongly agree,Strongly agree,Strongly agree,Strongly disagree,Strongly agree,Strongly agree,Strongly disagree,Strongly disagree,Strongly disagree,No opinion,No opinion
Male,Christian: Protestant or Other,Slightly,47,Liked it,Liked it,Liked it,Liked it,Liked it,Liked it,Liked it,Never saw it,Liked it,Liked it,Didn't like it,Didn't like it,Liked it,Liked it,Liked it,Never saw it,Liked it,Never saw it,Never saw it,Liked it,Liked it,Liked it,Liked it,Didn't like it,No opinion,Somewhat disagree,Somewhat disagree,Somewhat agree,Strongly disagree,Somewhat disagree,No opinion,Somewhat disagree,No opinion,No opinion,No opinion
Female,Christian: Catholic or Orthodox,Slightly,73,Never saw it,Liked it,Never saw it,Never saw it,Never saw it,Never saw it,Never saw it,Never saw it,Never saw it,Never saw it,Never saw it,Never saw it,Liked it,Liked it,Never saw it,Never saw it,Never saw it,Never saw it,Never saw it,Never saw it,Never saw it,Never saw it,Liked it,Never saw it,Strongly agree,Somewhat agree,Strongly agree,Strongly disagree,Strongly agree,Strongly agree,Somewhat disagree,Strongly disagree,Strongly disagree,Strongly disagree,No opinion
Female,Not Religious,Not at all,64,Liked it,Never saw it,Never saw it,Never saw it,Liked it,Liked it,Liked it,Didn't like it,Liked it,Liked it,Never saw it,Liked it,Liked it,Liked it,Never saw it,Never saw it,Never saw it,Never saw it,Never saw it,Liked it,Never saw it,Never saw it,Never saw it,Liked it,Strongly agree,Strongly disagree,Strongly agree,Somewhat disagree,Somewhat agree,Strongly agree,Strongly disagree,Strongly disagree,Strongly disagree,Somewhat agree,Strongly disagree
Male,Not Religious,Strongly,23,Never saw it,Never saw it,Liked it,Never saw it,Liked it,Liked it,Never saw it,Never saw it,Never saw it,Never saw it,Liked it,Never saw it,Never saw it,Never saw it,Never saw it,Liked it,Never saw it,Liked it,Liked it,Never saw it,Never saw it,Liked it,Never saw it,Liked it,No opinion,Strongly agree,No opinion,Strongly disagree,No opinion,No opinion,No opinion,Strongly disagree,Strongly disagree,Strongly disagree,Strongly disagree
Female,Christian: Protestant or Other,Strongly,53,Liked it,Never saw it,Never saw it,Never saw it,Liked it,Never saw it,Liked it,Never saw it,Never saw it,Never saw it,Liked it,Never saw it,Liked it,Never saw it,Liked it,Never saw it,Never saw it,Never saw it,Liked it,Never saw it,Liked it,Liked it,Never saw it,Liked it,Strongly agree,Somewhat agree,Somewhat agree,Strongly agree,Somewhat agree,Strongly agree,Somewhat disagree,Strongly disagree,Strongly disagree,Strongly disagree,Somewhat agree
Male,Hindu,Moderately,22,Never saw it,Didn't like it,Liked it,Didn't like it,Liked it,Liked it,Liked it,Liked it,Didn't like it,Never saw it,Liked it,Liked it,Never saw it,Liked it,Never saw it,Liked it,Never saw it,Liked it,Liked it,Liked it,Liked it,Liked it,Never saw it,Liked it,Strongly agree,Strongly agree,No opinion,Somewhat disagree,No opinion,Somewhat disagree,Somewhat agree,Somewhat disagree,No opinion,Somewhat agree,Somewhat disagree
Male,Muslim/Islamic,Moderately,38,Liked it,Never saw it,Didn't like it,Liked it,Liked it,Never saw it,Never saw it,Never saw it,Never saw it,Liked it,Never saw it,Never saw it,Liked it,Liked it,Liked it,Never saw it,Never saw it,Never saw it,Never saw it,Never saw it,Never saw it,Liked it,Liked it,Liked it,Strongly agree,Strongly agree,Somewhat disagree,Somewhat disagree,Somewhat agree,Somewhat agree,Somewhat disagree,Strongly disagree,Strongly disagree,Strongly disagree,Strongly disagree
Female,Christian: Catholic or Orthodox,Strongly,22,Never saw it,Liked it,Liked it,Liked it,Liked it,Liked it,Liked it,Liked it,Liked it,Liked it,Never saw it,Liked it,Never saw it,Never saw it,Never saw it,Never saw it,Liked it,Never saw it,Liked it,Never saw it,Never saw it,Liked it,Never saw it,Liked it,Strongly agree,Strongly agree,Somewhat agree,No opinion,No opinion,Strongly agree,Somewhat agree,Strongly disagree,No opinion,Strongly disagree,Strongly disagree
Female,Not Religious,Moderately,34,Never saw it,Never saw it,Never saw it,Never saw it,Never saw it,Never saw it,Never saw it,Never saw it,Never saw it,Never saw it,Never saw it,Never saw it,Never saw it,Liked it,Never saw it,Never saw it,Never saw it,Never saw it,Never saw it,Liked it,Never saw it,Liked it,Never saw it,Never saw it,Strongly agree,Strongly agree,Strongly agree,Strongly disagree,Somewhat agree,Somewhat agree,Somewhat disagree,Strongly disagree,Strongly disagree,Somewhat agree,Somewhat disagree
Male,Not Religious,Not at all,34,Liked it,Never saw it,Liked it,Never saw it,Never saw it,Didn't like it,Never saw it,Didn't like it,Didn't like it,Liked it,Never saw it,Liked it,Never saw it,Never saw it,Never saw it,Liked it,Never saw it,Never saw it,Never saw it,Never saw it,Never saw it,Liked it,Never saw it,Liked it,No opinion,Strongly agree,Somewhat agree,Strongly disagree,No opinion,No opinion,No opinion,Strongly disagree,Somewhat disagree,Somewhat disagree,No opinion
Male,Not Religious,Moderately,26,Liked it,Liked it,Liked it,Liked it,Liked it,Liked it,Liked it,Liked it,Liked it,Liked it,Didn't like it,Liked it,Never saw it,Never saw it,Liked it,Didn't like it,Didn't like it,Didn't like it,Didn't like it,Liked it,Didn't like it,Didn't like it,Liked it,Liked it,Somewhat disagree,Strongly agree,Somewhat agree,Somewhat disagree,No opinion,Somewhat disagree,Strongly disagree,Strongly disagree,Somewhat agree,Strongly disagree,Somewhat agree
Male,Christian: Catholic or Orthodox,Slightly,33,Liked it,Liked it,Liked it,Never saw it,Never saw it,Liked it,Never saw it,Didn't like it,Didn't like it,Liked it,Never saw it,Never saw it,Never saw it,Liked it,Liked it,Liked it,Liked it,Never saw it,Liked it,Liked it,Liked it,Liked it,Liked it,Never saw it,Somewhat agree,Strongly agree,Somewhat disagree,Somewhat agree,Somewhat disagree,Somewhat disagree,Somewhat agree,Somewhat disagree,Somewhat disagree,Strongly disagree,Strongly disagree
Female,Christian: Catholic or Orthodox,Strongly,35,Didn't like it,Never saw it,Liked it,Never saw it,Never saw it,Never saw it,Liked it,Didn't like it,Never saw it,Liked it,Didn't like it,Liked it,Never saw it,Liked it,Didn't like it,Didn't like it,Never saw it,Didn't like it,Never saw it,Didn't like it,Never saw it,Liked it,Liked it,Liked it,Strongly disagree,Strongly disagree,Strongly disagree,Strongly disagree,Somewhat disagree,Strongly disagree,Strongly disagree,Somewhat disagree,Strongly disagree,No opinion,Somewhat agree